,CCEQL_1,CCEQL_2,CCEQS_1,CCEQS_2,CCHHL_1,CCHHL_2,CCHHS_1,CCHHS_2,MAL_1,MAL_2,MAS_1,MAS_2,PCOX_1,PCOX_2,FWEXS_1,FWEXS_2,HTXCS_1,HTXCS_2,HTXNCS_1,HTXNCS_2,FWEXL_1,FWEXL_2,HTXCL_1,HTXCL_2,HTXNCL_1,HTXNCL_2,MEU_1,MEU_2,OLD_1,OLD_2,FWA_1,FWA_2,PMF_1,PMF_2,TRA_1,TRA_2,FWEU_1,FWEU_2,IREQ_1,IREQ_2,IRHH_1,IRHH_2,LOBDV_1,LOBDV_2,LTBDV_1,LTBDV_2,TPW_1,TPW_2,WAVFWES_1,WAVFWES_2,WAVHH_1,WAVHH_2,WAVTES_1,WAVTES_2,TTHH_1,TTHH_2,TTEQ_1,TTEQ_2
NG_Boiler,0.1244423089706502,28.699927224839094,0.0351930992835468,9.014012390421692,5.667200040960851e-07,0.0001306508342377,1.6264550813624644e-07,4.165907887597651e-05,0.0300916654940708,6.866041488425828,0.0032665393301812,0.7495511917232168,1.701662104263146e-12,9.14759128596057e-09,1.280946091647697e-05,1.858109950661836,5.353304880143872e-10,0.0001542386837243,2.749745611187415e-10,5.941683166573579e-05,0.0001381761452328,19.450529859932384,2.008413195126952e-11,1.6375562764867117e-06,5.788591368597963e-10,5.550559232192476e-05,1.1617054287202864e-05,0.0849297226984443,8.839023523188449e-14,6.806365402150726e-09,3.712959737728567e-05,0.88450947804972,1.645947317669091e-09,5.1204580641099214e-05,0.000286959937437,5.606177210761141,3.390020934897238e-08,0.0059950924776487,3.303548153106533e-12,5.975887085047844e-09,4.625653216336479e-11,7.502921895854175e-08,2.579300112040229e-05,1.176883382392355,1.3127678094941935e-05,2.3806904415655312,8.011193991545837e-09,8.222376162351658e-05,3.2396934421054825e-08,0.000171797052543,1.2193834947389856e-08,6.370179615727279e-05,1.0299562978687214e-08,0.0016220742819183,7.446625893847658e-07,0.0005581059416741,0.193519309822321,76.77923307847992
OIL_Boiler,0.1797074513079728,23.78554509527276,0.0508108244574125,7.487728482210824,8.184025831615386e-07,0.0001082782777464,2.348231308844935e-07,3.460517615751982e-05,0.0434528204280466,5.683989551242032,0.0047172259196786,0.6210384802783365,5.3207563308934215e-12,8.266287439105086e-09,9.692723601762928e-05,1.5068328124240171,9.613506613616558e-09,0.0001538830595993,4.5768692006047235e-09,5.8723760291511565e-05,0.0013535576347479,18.740952052958807,3.2939098468899486e-10,1.6070768207080643e-06,9.789196058813257e-09,5.459708030209013e-05,3.431552123742031e-05,0.0796994527894066,4.35585141909163e-13,6.2902791507429075e-09,0.0005676619317968,0.8116297925287775,2.21114568499158e-08,4.417914643227406e-05,0.0035920681151575,5.137127565847745,3.6999322685552233e-07,0.0058276598123723,4.894479527023491e-12,7.237087195141222e-09,6.801538882172513e-11,9.253554193064013e-08,9.230854503782348e-05,1.0733605410501064,0.0001606186595691,2.2142498655670466,1.4357541148854727e-08,6.731493897604678e-05,5.484407668413016e-08,0.000184810914467,2.059187512079881e-08,6.809719758185118e-05,6.979383163972305e-08,0.0013845187125378,1.1203117815481702e-06,0.0005240778716241,0.2845862875419485,67.14961761922832
WOOD_Stove,0.0034173994509036,30.009601185439152,0.010434982985743,9.363272689852709,1.4974856674587618e-08,0.0001366144239417,4.8363110823385326e-08,4.327220366779073e-05,6.414092528643257e-06,7.214480715633515,6.965711689114348e-07,0.7836459520733172,1.8549880178233507e-10,9.27097420278286e-09,5.474849197406093e-05,1.5412216406366694,1.401702922732683e-09,0.0002597960196599,2.8105142014540705e-08,9.612742366964688e-06,0.0759955947376362,7.6613342188786095,7.747629968188618e-10,1.7699053033260629e-06,3.3984929335508265e-08,5.059248158002326e-05,0.0001881828990833,0.0760761790023435,2.3539164674032547e-14,9.486961888211489e-09,0.0005267841464319,0.3670592255263891,1.3082779385171528e-06,4.486364158301783e-05,0.0043311360503296,2.448714669342112,4.0628507814658e-08,0.0085351628507441,1.3563969603001644e-14,1.2183490177666868e-08,9.695644839003909e-14,1.5522254898563193e-07,3.2200564698901324e-06,1.378693421773089,5.774094350934952e-06,1.5385272454365233,3.039541299380597e-11,8.290421640375304e-05,2.0759927851629302e-10,0.0002143016866664,7.697405146095659e-11,7.822916026178919e-05,4.894231553938044e-10,0.0012793146107092,1.4361450339496898e-06,0.0006249245711552,0.0949649746760414,62.39273849327829
HeatPump_Air,0.0004161610351997,29.98877301720347,0.0039875576354002,28.264553684428904,1.6668821698775503e-09,0.0001354039700228,1.8482264403489635e-08,0.000130890164921,1.287526477730172e-05,6.712978827618237,1.3985504703992648e-06,0.7295070697022483,2.0633839232152512e-14,1.4216611048987773e-08,1.784459898372473e-06,2.36969041531943,2.2157195377623738e-11,9.823360127110232e-05,2.6994098796104486e-11,0.000210685476729,8.973407804104362e-06,56.25162916862757,1.3318801003997472e-12,5.070645826418345e-06,4.119295820850711e-11,0.0001754282779116,2.2997717206345167e-07,0.1088227108717632,2.514351028432716e-11,5.485323036007206e-07,1.3783922850078398e-06,2.3394418520799416,8.283785279203961e-11,8.853116187525221e-05,8.729793519527927e-06,14.55595990535355,5.574979057169934e-09,0.0060321072533367,1.203953139037833e-14,1.1692410751940297e-08,1.7084503618156805e-13,1.4603104262025217e-07,9.035662568287754e-07,1.7383537991435494,1.9376570636518256e-06,4.181657192322034,3.12384409881075e-10,9.182182912624722e-05,5.54467423536303e-10,0.0002866151871259,1.9853206996456248e-10,0.0001087816925853,1.6073235426266335e-09,0.0011935196908487,2.05475276878666e-08,0.0009537337686028,0.0044419376232182,147.24897021551268
HeatPump_Lake,0.0004161610351997,29.98877301720347,0.0039875576354002,28.264553684428904,1.6668821698775503e-09,0.0001354039700228,1.8482264403489635e-08,0.000130890164921,1.287526477730172e-05,6.712978827618237,1.3985504703992648e-06,0.7295070697022483,2.0633839232152512e-14,1.4216611048987773e-08,1.784459898372473e-06,2.36969041531943,2.2157195377623738e-11,9.823360127110232e-05,2.6994098796104486e-11,0.000210685476729,8.973407804104362e-06,56.25162916862757,1.3318801003997472e-12,5.070645826418345e-06,4.119295820850711e-11,0.0001754282779116,2.2997717206345167e-07,0.1088227108717632,2.514351028432716e-11,5.485323036007206e-07,1.3783922850078398e-06,2.3394418520799416,8.283785279203961e-11,8.853116187525221e-05,8.729793519527927e-06,14.55595990535355,5.574979057169934e-09,0.0060321072533367,1.203953139037833e-14,1.1692410751940297e-08,1.7084503618156805e-13,1.4603104262025217e-07,9.035662568287754e-07,1.7383537991435494,1.9376570636518256e-06,4.181657192322034,3.12384409881075e-10,9.182182912624722e-05,5.54467423536303e-10,0.0002866151871259,1.9853206996456248e-10,0.0001087816925853,1.6073235426266335e-09,0.0011935196908487,2.05475276878666e-08,0.0009537337686028,0.0044419376232182,147.24897021551268
HeatPump_Geothermal,0.0004161610351997,29.98877301720347,0.0039875576354002,28.264553684428904,1.6668821698775503e-09,0.0001354039700228,1.8482264403489635e-08,0.000130890164921,1.287526477730172e-05,6.712978827618237,1.3985504703992648e-06,0.7295070697022483,2.0633839232152512e-14,1.4216611048987773e-08,1.784459898372473e-06,2.36969041531943,2.2157195377623738e-11,9.823360127110232e-05,2.6994098796104486e-11,0.000210685476729,8.973407804104362e-06,56.25162916862757,1.3318801003997472e-12,5.070645826418345e-06,4.119295820850711e-11,0.0001754282779116,2.2997717206345167e-07,0.1088227108717632,2.514351028432716e-11,5.485323036007206e-07,1.3783922850078398e-06,2.3394418520799416,8.283785279203961e-11,8.853116187525221e-05,8.729793519527927e-06,14.55595990535355,5.574979057169934e-09,0.0060321072533367,1.203953139037833e-14,1.1692410751940297e-08,1.7084503618156805e-13,1.4603104262025217e-07,9.035662568287754e-07,1.7383537991435494,1.9376570636518256e-06,4.181657192322034,3.12384409881075e-10,9.182182912624722e-05,5.54467423536303e-10,0.0002866151871259,1.9853206996456248e-10,0.0001087816925853,1.6073235426266335e-09,0.0011935196908487,2.05475276878666e-08,0.0009537337686028,0.0044419376232182,147.24897021551268
HeatPump_DHN,3.437963834647213e-05,105.41288263241016,0.0003876551935263,89.64819533530716,1.3426452100569499e-10,0.0004765288677376,1.796795981220743e-09,0.0004151059937181,0.0,23.852333151279943,0.0,2.5925705387447997,0.0,4.5504223467875566e-08,0.0,8.556082226576528,1.9849644054293898e-13,0.0002960518419925,1.6960622012181296e-14,0.0006348632702833,0.0,170.63620121108295,0.0,1.532775487567177e-05,0.0,0.0005297737931546,0.0,0.3441571145381615,0.0,1.6483527561435383e-06,0.0,7.249579254453888,0.0,0.0002890972441879,0.0,45.15893217954847,0.0,0.0186941250991997,0.0,2.8504650222064104e-08,0.0,3.503939015436906e-07,0.0,5.386648758932134,0.0,13.194754311091083,0.0,0.0003678183146085,0.0,0.0007933820948364,0.0,0.0003003689092765,0.0,0.0043601981948107,1.9312759664566093e-09,0.0029591619184074,0.0004220348156817,472.05654755587113
HeatPump_Anergy,0.0004161610351997,29.98877301720347,0.0039875576354002,28.264553684428904,1.6668821698775503e-09,0.0001354039700228,1.8482264403489635e-08,0.000130890164921,1.287526477730172e-05,6.712978827618237,1.3985504703992648e-06,0.7295070697022483,2.0633839232152512e-14,1.4216611048987773e-08,1.784459898372473e-06,2.36969041531943,2.2157195377623738e-11,9.823360127110232e-05,2.6994098796104486e-11,0.000210685476729,8.973407804104362e-06,56.25162916862757,1.3318801003997472e-12,5.070645826418345e-06,4.119295820850711e-11,0.0001754282779116,2.2997717206345167e-07,0.1088227108717632,2.514351028432716e-11,5.485323036007206e-07,1.3783922850078398e-06,2.3394418520799416,8.283785279203961e-11,8.853116187525221e-05,8.729793519527927e-06,14.55595990535355,5.574979057169934e-09,0.0060321072533367,1.203953139037833e-14,1.1692410751940297e-08,1.7084503618156805e-13,1.4603104262025217e-07,9.035662568287754e-07,1.7383537991435494,1.9376570636518256e-06,4.181657192322034,3.12384409881075e-10,9.182182912624722e-05,5.54467423536303e-10,0.0002866151871259,1.9853206996456248e-10,0.0001087816925853,1.6073235426266335e-09,0.0011935196908487,2.05475276878666e-08,0.0009537337686028,0.0044419376232182,147.24897021551268
Air_Conditioner_Air,0.0004161610351997,29.98877301720347,0.0039875576354002,28.264553684428904,1.6668821698775503e-09,0.0001354039700228,1.8482264403489635e-08,0.000130890164921,1.287526477730172e-05,6.712978827618237,1.3985504703992648e-06,0.7295070697022483,2.0633839232152512e-14,1.4216611048987773e-08,1.784459898372473e-06,2.36969041531943,2.2157195377623738e-11,9.823360127110232e-05,2.6994098796104486e-11,0.000210685476729,8.973407804104362e-06,56.25162916862757,1.3318801003997472e-12,5.070645826418345e-06,4.119295820850711e-11,0.0001754282779116,2.2997717206345167e-07,0.1088227108717632,2.514351028432716e-11,5.485323036007206e-07,1.3783922850078398e-06,2.3394418520799416,8.283785279203961e-11,8.853116187525221e-05,8.729793519527927e-06,14.55595990535355,5.574979057169934e-09,0.0060321072533367,1.203953139037833e-14,1.1692410751940297e-08,1.7084503618156805e-13,1.4603104262025217e-07,9.035662568287754e-07,1.7383537991435494,1.9376570636518256e-06,4.181657192322034,3.12384409881075e-10,9.182182912624722e-05,5.54467423536303e-10,0.0002866151871259,1.9853206996456248e-10,0.0001087816925853,1.6073235426266335e-09,0.0011935196908487,2.05475276878666e-08,0.0009537337686028,0.0044419376232182,147.24897021551268
Air_Conditioner_DHN,0.0004161610351997,29.98877301720347,0.0039875576354002,28.264553684428904,1.6668821698775503e-09,0.0001354039700228,1.8482264403489635e-08,0.000130890164921,1.287526477730172e-05,6.712978827618237,1.3985504703992648e-06,0.7295070697022483,2.0633839232152512e-14,1.4216611048987773e-08,1.784459898372473e-06,2.36969041531943,2.2157195377623738e-11,9.823360127110232e-05,2.6994098796104486e-11,0.000210685476729,8.973407804104362e-06,56.25162916862757,1.3318801003997472e-12,5.070645826418345e-06,4.119295820850711e-11,0.0001754282779116,2.2997717206345167e-07,0.1088227108717632,2.514351028432716e-11,5.485323036007206e-07,1.3783922850078398e-06,2.3394418520799416,8.283785279203961e-11,8.853116187525221e-05,8.729793519527927e-06,14.55595990535355,5.574979057169934e-09,0.0060321072533367,1.203953139037833e-14,1.1692410751940297e-08,1.7084503618156805e-13,1.4603104262025217e-07,9.035662568287754e-07,1.7383537991435494,1.9376570636518256e-06,4.181657192322034,3.12384409881075e-10,9.182182912624722e-05,5.54467423536303e-10,0.0002866151871259,1.9853206996456248e-10,0.0001087816925853,1.6073235426266335e-09,0.0011935196908487,2.05475276878666e-08,0.0009537337686028,0.0044419376232182,147.24897021551268
ElectricalHeater_SH,0.0013918751684757,0.8608682398313361,0.0004358392083156,0.2656942972747801,6.336189665102501e-09,3.919153417621413e-06,2.0143423664549027e-09,1.2279527889409505e-06,0.0003284041794038,0.2067908885766309,3.5712856179328525e-05,0.0224713194119628,5.195343402325761e-13,1.9747261056568503e-10,0.0001177399774801,0.0446712746325253,4.203958837738777e-09,7.76907360809248e-06,6.376844930895799e-09,7.195481589463809e-07,0.0017328669446022,0.3194741879164595,1.5285206486757954e-10,3.451310910735992e-08,5.2545063565118036e-09,1.1177821980201936e-06,4.391241271008445e-06,0.0013172663004708,5.483782108570414e-13,1.6424781251004508e-10,7.99158862568438e-05,0.0149979699694099,3.492706359896337e-09,1.489505964808224e-06,0.0005002596173856,0.0971965778437711,3.522016696839262e-06,0.0001229912650353,3.2996630263424324e-13,2.733815434744233e-10,4.11813506013203e-12,3.6165861491260355e-09,8.424498576433086e-05,0.0325684719244065,0.000157510411868,0.0771519969791615,4.6652117160862264e-09,2.6146165887293686e-06,1.0397409041870026e-08,5.146674590023048e-06,3.873483296510752e-09,1.9044765666366427e-06,8.599873632587808e-08,3.181096412553366e-05,3.1710069885025435e-08,1.81859844440524e-05,0.0048723835249706,1.943365043397724
ElectricalHeater_DHW,0.0013918751684757,0.8608682398313361,0.0004358392083156,0.2656942972747801,6.336189665102501e-09,3.919153417621413e-06,2.0143423664549027e-09,1.2279527889409505e-06,0.0003284041794038,0.2067908885766309,3.5712856179328525e-05,0.0224713194119628,5.195343402325761e-13,1.9747261056568503e-10,0.0001177399774801,0.0446712746325253,4.203958837738777e-09,7.76907360809248e-06,6.376844930895799e-09,7.195481589463809e-07,0.0017328669446022,0.3194741879164595,1.5285206486757954e-10,3.451310910735992e-08,5.2545063565118036e-09,1.1177821980201936e-06,4.391241271008445e-06,0.0013172663004708,5.483782108570414e-13,1.6424781251004508e-10,7.99158862568438e-05,0.0149979699694099,3.492706359896337e-09,1.489505964808224e-06,0.0005002596173856,0.0971965778437711,3.522016696839262e-06,0.0001229912650353,3.2996630263424324e-13,2.733815434744233e-10,4.11813506013203e-12,3.6165861491260355e-09,8.424498576433086e-05,0.0325684719244065,0.000157510411868,0.0771519969791615,4.6652117160862264e-09,2.6146165887293686e-06,1.0397409041870026e-08,5.146674590023048e-06,3.873483296510752e-09,1.9044765666366427e-06,8.599873632587808e-08,3.181096412553366e-05,3.1710069885025435e-08,1.81859844440524e-05,0.0048723835249706,1.943365043397724
PV,0.0449336971283908,37.38959690479243,0.0140561970397185,11.682409090121494,2.045547773654759e-07,0.0001702090294832,6.496561315296021e-08,5.399528432822327e-05,0.0104928280469322,8.935202964945526,0.0011413707124703,0.9712316642413408,1.2848103447042763e-11,2.2659940883181087e-08,0.0026184979911859,3.772705760858338,3.335088523444527e-08,6.615950281343476e-05,6.095956514876565e-08,0.0004824296736437,0.0184367383197361,123.80383615899405,1.314873097703376e-09,1.1329723534194268e-05,5.6860699318709886e-08,0.0003936415925483,0.0001912495303716,0.172274923524117,2.537414070318305e-11,8.729739439770418e-09,0.0010272192726765,4.978651392034797,6.37662569268177e-08,0.0001637667584061,0.0065803755540627,30.833338106243584,2.0080009739189995e-05,0.0055281305300624,3.968468486573854e-11,1.034894450061516e-08,1.8654089061550535e-10,1.2542058048194664e-07,0.0013573848781811,3.3626473020503918,0.0026721130858914,8.025206700477998,3.7438436987332163e-07,0.000115094363219,8.005278470543339e-07,0.0004736080694335,2.934155984916345e-07,0.0001863261327855,3.948791722654383e-06,0.0015751009086459,7.794130304438992e-07,0.001528014494729,0.1035328746539138,233.93479163300145
ThermalSolar,0.0055976137524323,72.99164380781563,0.0017551895679166,22.737858441391865,2.54816864009607e-08,0.0003322832492425,8.112122399154305e-09,0.0001050889699817,0.0013190129601302,17.118785130835864,0.0001434383420729,1.8610264758813853,2.06726660120452e-12,2.630473029916694e-08,0.0004690929363201,5.879455435020498,1.67240424690964e-08,0.00020529771195,2.515281146479548e-08,0.0003043653328174,0.0068753838503469,82.51946267975131,6.041951006003753e-10,7.16553062558188e-06,2.0750918458482833e-08,0.0002462208524435,1.7519584397915957e-05,0.224312795933471,2.2013047712277493e-12,2.0130586754217473e-08,0.0003162897225996,3.986402777138991,1.3839018413632922e-08,0.0001788871734344,0.0019808454483615,24.987194522695624,1.3832869819170526e-05,0.0704678670754953,3.1832161035474768e-12,1.6225910573417248e-08,4.260246381526387e-11,2.003844454099679e-07,0.000345161337361,4.192633432248738,0.0006252687078204,7.803962629388323,2.287819895384732e-08,0.0002271552043867,5.9304651290282226e-08,0.0004808122671498,2.216477900817248e-08,0.0001775398644715,3.431799656428899e-07,0.0047451892836013,1.3287644458788565e-07,0.0015570955028142,0.0194590743248073,244.3786575962389
Battery,0.0,28.834763875962505,0.0,9.233243094435704,0.0,0.0001312528120596,0.0,4.267595977616876e-05,0.0,6.807602737409529,0.0,0.7405160595509788,0.0,1.1045662995001864e-08,0.0,2.77065383113962,0.0,3.522446518508853e-05,0.0,0.0001257123868363,0.0,35.86095425200006,0.0,3.0934536556530567e-06,0.0,0.0001043400058275,0.0,0.124535665226631,0.0,1.1286822653702961e-08,0.0,1.621125433911082,0.0,6.989630229253606e-05,0.0,10.15664468388728,0.0,0.0240477109463797,0.0,8.74853732820629e-09,0.0,1.1881255684099847e-07,0.0,1.4490954756301602,0.0,3.326024880862211,0.0,0.0001271222921036,0.0,0.0002319277502564,0.0,8.689076747137018e-05,0.0,0.0021293965168976,0.0,0.0005992272952576,0.0,100.9516955170948
WaterTankSH,0.0,758.1378600696154,0.0,237.49100991953028,0.0,0.0034512905583488,0.0,0.0010975723583516,0.0,182.2634673845062,0.0,19.8461782977694,0.0,2.1199880163323525e-07,0.0,40.62915576763166,0.0,0.0061000454040943,0.0,0.0001948799860564,0.0,201.5808953673371,0.0,1.4173956748678376e-05,0.0,0.0004482260419149,0.0,2.2147580757321976,0.0,1.976387378942624e-07,0.0,10.011177462805913,0.0,0.0010824409117308,0.0,67.00544713715665,0.0,0.1820599861374261,0.0,1.8519618573493414e-07,0.0,2.390150872923595e-06,0.0,40.93102958570843,0.0,65.21206997686333,0.0,0.0022050789092808,0.0,0.0049035767010474,0.0,0.0017953206581602,0.0,0.0432947299924406,0.0,0.0141867499156913,0.0,1625.5555034036338
WaterTankDHW,0.0,758.1378600696154,0.0,237.49100991953028,0.0,0.0034512905583488,0.0,0.0010975723583516,0.0,182.2634673845062,0.0,19.8461782977694,0.0,2.1199880163323525e-07,0.0,40.62915576763166,0.0,0.0061000454040943,0.0,0.0001948799860564,0.0,201.5808953673371,0.0,1.4173956748678376e-05,0.0,0.0004482260419149,0.0,2.2147580757321976,0.0,1.976387378942624e-07,0.0,10.011177462805913,0.0,0.0010824409117308,0.0,67.00544713715665,0.0,0.1820599861374261,0.0,1.8519618573493414e-07,0.0,2.390150872923595e-06,0.0,40.93102958570843,0.0,65.21206997686333,0.0,0.0022050789092808,0.0,0.0049035767010474,0.0,0.0017953206581602,0.0,0.0432947299924406,0.0,0.0141867499156913,0.0,1625.5555034036338
Battery_district,0.0,28.834763875962505,0.0,9.233243094435704,0.0,0.0001312528120596,0.0,4.267595977616876e-05,0.0,6.807602737409529,0.0,0.7405160595509788,0.0,1.1045662995001864e-08,0.0,2.77065383113962,0.0,3.522446518508853e-05,0.0,0.0001257123868363,0.0,35.86095425200006,0.0,3.0934536556530567e-06,0.0,0.0001043400058275,0.0,0.124535665226631,0.0,1.1286822653702961e-08,0.0,1.621125433911082,0.0,6.989630229253606e-05,0.0,10.15664468388728,0.0,0.0240477109463797,0.0,8.74853732820629e-09,0.0,1.1881255684099847e-07,0.0,1.4490954756301602,0.0,3.326024880862211,0.0,0.0001271222921036,0.0,0.0002319277502564,0.0,8.689076747137018e-05,0.0,0.0021293965168976,0.0,0.0005992272952576,0.0,100.9516955170948
HeatPump_Geothermal_district,0.0004161610351997,29.988773017203467,0.0039875576354002,28.264553684428904,1.6668821698775503e-09,0.0001354039700228,1.8482264403489635e-08,0.000130890164921,1.287526477730172e-05,6.712978827618237,1.3985504703992648e-06,0.7295070697022483,2.0633839232152512e-14,1.4216611048987774e-08,1.784459898372473e-06,2.36969041531943,2.2157195377623738e-11,9.823360127110232e-05,2.6994098796104486e-11,0.000210685476729,8.973407804104362e-06,56.25162916862757,1.3318801003997472e-12,5.070645826418345e-06,4.119295820850711e-11,0.0001754282779116,2.2997717206345167e-07,0.1088227108717632,2.514351028432716e-11,5.485323036007206e-07,1.3783922850078398e-06,2.3394418520799416,8.283785279203961e-11,8.853116187525221e-05,8.729793519527927e-06,14.55595990535355,5.574979057169934e-09,0.0060321072533367,1.203953139037833e-14,1.1692410751940297e-08,1.7084503618156805e-13,1.4603104262025217e-07,9.035662568287754e-07,1.7383537991435494,1.9376570636518256e-06,4.181657192322034,3.12384409881075e-10,9.18218291262472e-05,5.54467423536303e-10,0.0002866151871259,1.9853206996456248e-10,0.0001087816925853,1.6073235426266335e-09,0.0011935196908487,2.05475276878666e-08,0.0009537337686028,0.0044419376232182,147.24897021551268
NG_Boiler_district,0.1244423089706502,28.699927224839094,0.0351930992835468,9.014012390421692,5.667200040960851e-07,0.0001306508342377,1.6264550813624644e-07,4.165907887597651e-05,0.0300916654940708,6.866041488425828,0.0032665393301812,0.7495511917232168,1.701662104263146e-12,9.14759128596057e-09,1.280946091647697e-05,1.858109950661836,5.353304880143872e-10,0.0001542386837243,2.749745611187415e-10,5.941683166573579e-05,0.0001381761452328,19.450529859932384,2.008413195126952e-11,1.6375562764867117e-06,5.788591368597963e-10,5.550559232192476e-05,1.1617054287202864e-05,0.0849297226984443,8.839023523188449e-14,6.806365402150726e-09,3.712959737728567e-05,0.88450947804972,1.645947317669091e-09,5.1204580641099214e-05,0.000286959937437,5.606177210761141,3.390020934897238e-08,0.0059950924776487,3.303548153106533e-12,5.975887085047844e-09,4.625653216336479e-11,7.502921895854175e-08,2.579300112040229e-05,1.176883382392355,1.3127678094941935e-05,2.3806904415655312,8.011193991545837e-09,8.222376162351658e-05,3.2396934421054825e-08,0.000171797052543,1.2193834947389856e-08,6.370179615727279e-05,1.0299562978687214e-08,0.0016220742819183,7.446625893847658e-07,0.0005581059416741,0.193519309822321,76.77923307847992
NG_Cogeneration,0.3761846488424425,2037.56275671625,0.1097002441599128,660.7444228358086,1.7129714071596715e-06,0.0092744254456814,5.069972932180434e-07,0.003054105158206,0.09065968129215,481.0526548171141,0.00984129286242,52.83015600992614,1.4192304608602204e-11,7.56842778296767e-07,1.4296067452513696e-05,100.53040298522563,1.0026682003136483e-10,0.0045250410973112,7.733682983705446e-11,0.0025085657890939,3.82101166771364e-05,1094.2961845758462,2.2964114280466168e-12,6.399145988361595e-05,6.542303490362221e-11,0.0020674640738712,7.613532055988196e-05,5.949289005539261,5.233912346406877e-13,7.853019167565986e-07,0.000204648352577,57.28196876935925,7.590619625644797e-09,0.0030979074697323,0.0016385596961279,365.9667167556492,5.006679797063852e-07,1.3364920113710763,2.927740483988766e-13,7.086069717069465e-07,2.3481143238449e-12,8.893049948940401e-06,4.899830040472716e-06,76.9691650979265,4.882792684715396e-05,283.2512580646527,9.919767026841855e-10,0.0064344742786203,1.240750597808323e-09,0.0133701157291218,3.9580762658040727e-10,0.0049793412278614,3.199085087450281e-08,0.1133408789634171,2.2282175146662227e-06,0.0295812770078876,0.5884119771073003,5217.904582013887
NG_Cogeneration_district,0.3761846488424425,2037.5627567162503,0.1097002441599128,660.7444228358085,1.7129714071596715e-06,0.0092744254456814,5.069972932180434e-07,0.003054105158206,0.09065968129215,481.0526548171141,0.00984129286242,52.83015600992614,1.4192304608602204e-11,7.568427782967671e-07,1.4296067452513696e-05,100.53040298522563,1.0026682003136483e-10,0.0045250410973112,7.733682983705446e-11,0.0025085657890939,3.82101166771364e-05,1094.2961845758462,2.2964114280466168e-12,6.399145988361595e-05,6.542303490362221e-11,0.0020674640738712,7.613532055988196e-05,5.949289005539262,5.233912346406877e-13,7.853019167565987e-07,0.000204648352577,57.281968769359246,7.590619625644797e-09,0.0030979074697323,0.0016385596961279,365.96671675564914,5.006679797063852e-07,1.3364920113710763,2.927740483988766e-13,7.086069717069467e-07,2.3481143238449e-12,8.893049948940401e-06,4.899830040472716e-06,76.96916509792655,4.882792684715396e-05,283.25125806465314,9.919767026841855e-10,0.0064344742786203,1.240750597808323e-09,0.0133701157291218,3.9580762658040727e-10,0.0049793412278614,3.199085087450281e-08,0.1133408789634172,2.2282175146662227e-06,0.0295812770078876,0.5884119771073003,5217.904582013887
